ASV,ASV_name,metadata,value,coef,stderr,N,N.not.0,pval,qval,CD_signCoef
TACGTAGGGGGCAAGCGTTATCCGGATTTACTGGGTGTAAAGGGAGCGTAGACGGTTAAGCAAGTCAGAAGTGAAAGGCTGGGGCTCAACCCCGGGACTGCTTTTGAAACTGTTTAACTAGAGTGCTGGAGAGGTAAGCGGAATTCCTAG,o__Clostridiales.f__Lachnospiraceae_ASV09925,Dx,Control,1.698212483,0.366246896,258,57,1.15E-05,0.00808859,-1
TACGTAGGTGGCAAGCGTTATCCGGAATTACTGGGTGTAAAGGGAGCGCAGGCGGGATAGCAAGTCAGCTGTGAAAACTATGGGCTCAACCCATAAACTGCAGTTGAAACTGTTATTCTTGAGTGGAGTAGAGGCAAGCGGAATTCCGAG,o__Clostridiales.f__Ruminococcaceae_ASV12472,Dx,Control,2.861566233,0.715845157,258,44,1.39E-04,0.030155984,-1
TACGTAGGTGGCGAGCGTTGTCCGGATTTATTGGGCGTAAAGGGAACGCAGGCGGTCTTTTAAGTCTGATGTGAAAGCCTTCGGCTTAACCGAAGTAGTGCATTGGAAACTGGAAGACTTGAGTGCAGAAGAGGAGAGTGGAACTCCATG,g__Lactobacillus.s__ruminis_ASV14695,Dx,Control,1.385165042,0.365121437,258,34,2.53E-04,0.031344153,-1
TACGTATGGTGCAAGCGTTATCCGGATTTACTGGGTGTAAAGGGTGCGTAGGTGGCAAGGCAAGTCTGAAGTGAAAATCCGGGGCTCAACCCCGGAACTGCTTTGGAAACTGTTTAGCTGGAGTACAGGAGAGGTAAGTGGAATTCCTAG,g__Coprococcus.s__eutactus_ASV15433,Dx,Control,2.282863739,0.613456744,258,57,3.18E-04,0.034487082,-1
TACGTAGGGGGCTAGCGTTATCCGGATTTACTGGGCGTAAAGGGTGCGTAGGCGGTCTTTTAAGTCAGGAGTGAAAGGCTACGGCTCAACCGTAGTAAGCTCTTGAAACTGGAGGACTTGAGTGCAGGAGAGGAGAGTGGAATTCCTAGT,c__Clostridia.o__Clostridiales_ASV11010,Dx,Control,-1.589318718,0.434334831,258,133,3.75E-04,0.03695505,1
TACGTAGGTGGCAAGCGTTGTCCGGATTTACTGGGTGTAAAGGGCGTGTAGCCGGGAGGGCAAGTCAGATGTGAAATCCACGGGCTCAACTCGTGAACTGCATTTGAAACTACTCTTCTTGAGTATCGGAGAGGCAATCGGAATTCCTAG,f__Ruminococcaceae.g__Oscillospira_ASV13755,Dx,Control,2.211757345,0.613737397,258,50,5.14E-04,0.042783965,-1
TACGGAGGGTGCAAGCGTTAATCGGAATTACTGGGCGTAAAGCGCACGCAGGCGGTTTGTTAAGTCAGATGTGAAATCCCCGGGCTCAACCTGGGAACTGCATCTGATACTGGCAAGCTTGAGTCTCGTAGAGGGGGGTAGAATTCCAGG,o__Enterobacteriales.f__Enterobacteriaceae_ASV05780,Dx,Control,-2.351512765,0.68609082,258,243,8.44E-04,0.048098202,1
TACGTAGGTGGCAAGCGTTGTCCGGATTTACTGGGTGTAAAGGGCGTGCAGCCGGGAATGCAAGTCAGATGTGAAATCCATGGGCTTAACCCATGAACTGCATTTGAAACTGTATTTCTTGAGTACTGGAGAGGCAATCGGAATTCCTAG,f__Ruminococcaceae.g__Oscillospira_ASV13602,Dx,Control,2.400445119,0.697282352,258,104,8.37E-04,0.048098202,-1
TACGGAAGGTCCGGGCGTTATCCGGATTTATTGGGTTTAAAGGGAGCGTAGGCCGGAGATTAAGCGTGTTGTGAAATGTAGATGCTCAACATCTGCACTGCAGCGCGAACTGGTTTCCTTGAGTACGCACAAAGTGGGCGGAATTCGTGG,g__Prevotella.s__copri_ASV03204,Dx,Control,2.839794365,0.843557693,258,98,0.001078521,0.052038387,-1
TACGTAGGGAGCGAGCGTTATCCGGATTTATTGGGTGTAAAGGGTGCGTAGACGGGAAGTCAAGTTAGTTGTGAAATCCCTCGGCTTAACTGAGGAACTGCAACTAAAACTGATTTTCTTGAGTACTGGAGAGGAAAGTGGAATTCCTAG,c__Clostridia.o__Clostridiales_ASV07771,Dx,Control,1.065415201,0.323122149,258,26,0.001424085,0.061691362,-1
TACGTATGGGGCGAGCGTTATCCGGATTCATTGGGCGTAAAGCGCGCGTAGGCGGAGCGCTAAGCGGGACCTCTAACCCGAGGGCTCAACCCCCGGCCGGGTCCCGAACTGGCGCTCTCGAGTGCGGTAGGGGAGAGCGGAATTCCCGGT,o__Coriobacteriales.f__Coriobacteriaceae_ASV15110,Dx,Control,0.755489206,0.231697144,258,54,0.00149132,0.062119205,-1
TACGTAGGGGGCAAGCGTTATCCGGATTTACTGGGTGTAAAGGGAGCGTAGACGGCTTTGCAAGTCTGACGTGAAACTCCGGGGCTCAACTCCGGAACTGCGTTGGAAACTGTAAGGCTTGAGTGCCGGAGAGGTAAGCGGAATTCCTAG,o__Clostridiales.f__Lachnospiraceae_ASV09753,Dx,Control,1.182564099,0.396511376,258,100,0.003421295,0.101950775,-1
TACGTAGGTGGCAAGCGTTGTCCGGATTTACTGGGTGTAAAGGGCGTGCAGCCGGGTCTGCAAGTCAGATGTGAAATCCATGGGCTCAACCCATGAACTGCATTTGAAACTGTAGATCTTGAGTGTCGGAGGGGCAATCGGAATTCCTAG,o__Clostridiales.f__Ruminococcaceae_ASV13704,Dx,Control,2.578113017,0.873793802,258,115,0.003941454,0.101950775,-1
TACGTAGGTGGCAAGCGTTGTCCGGATTTACTGGGTGTAAAGGGCGTGCAGCCGGGTGCGCAAGTCAGATGTGAAATCTCAGGGCTCAACCCTGAAACTGCATTTGAAACTGTGCATCTTGAGTGCCGGAGAGGTAATCGGAATTCCTTG,f__Ruminococcaceae.g__Oscillospira_ASV13717,Dx,Control,1.556660289,0.522806327,258,102,0.003542418,0.101950775,-1
TACGTAGGTGGCAAGCGTTGTCCGGATTTACTGGGTGTAAAGGGCGTGTAGGCGGAGAAGCAAGTCAGAAGTGAAATCCATGGGCTTAACCCATGAACTGCTTTTGAAACTGTTTCCCTTGAGTATCGGAGAGGCAGGCGGAATTCCTAG,o__Clostridiales.f__Ruminococcaceae_ASV13808,Dx,Control,2.030958041,0.674645687,258,108,0.003319316,0.101950775,-1
TACGTAGGTGGCGAGCGTTATCCGGATTTACTGGGTGTAAAGGGCGTGTAGGCGGGACTGCAAGTCAGATGTGAAAACCATGGGCTCAACCTGTGGCCTGCATTTGAAACTGTAGTTCTTGAGTACTGGAGAGGCAGACGGAATTCCTAG,f__Ruminococcaceae.g__Oscillospira_ASV14297,Dx,Control,0.775793599,0.262058201,258,80,0.003754564,0.101950775,-1
AACGTAGGGTGCAAGCGTTGTCCGGAATTACTGGGTGTAAAGGGAGCGCAGGCGGACCGGCAAGTTGGAAGTGAAATCCATGGGCTCAACCCGTGAATTGCTTTCAAAACTGCTGGCCTTGAGTAGTGCAGAGGTAGGTGGAATTCCCGG,o__Clostridiales.f__Ruminococcaceae_ASV00121,Dx,Control,1.790274334,0.609678536,258,99,0.004108471,0.103476139,-1
TACAGAGGGTGCGAGCGTTAATCGGATTTACTGGGCGTAAAGCGTGCGTAGGCGGCTTCTTAAGTCGGATGTGAAATCCCTGAGCTTAACTTAGGAATTGCATTCGATACTGGGAAGCTAGAGTATGGGAGAGGATGGTAGAATTCCAGG,g__Acinetobacter.s__johnsonii_ASV01413,Dx,Control,-0.663245685,0.234015848,258,34,0.004963388,0.110175064,1
TACAGAGGGTGCGAGCGTTAATCGGATTTACTGGGCGTAAAGCGTGCGTAGGCGGCTTTTTAAGTCGGATGTGAAATCCCTGAGCTTAACTTAGGAATTGCATTCGATACTGGGAAGCTAGAGTATGGGAGAGGATGGTAGAATTCCAGG,f__Moraxellaceae.g__Acinetobacter_ASV01420,Dx,Control,-0.733209124,0.259734579,258,38,0.005135716,0.110175064,1
TACGGAGGGTGCGAGCGTTAATCGGAATAACTGGGCGTAAAGGGCACGCAGGCGGACTTTTAAGTGAGATGTGAAATCCCCGAGCTTAACTTGGGAACTGCATTTCAGACTGGGAGTCTAGAGTACTTTAGGGAGGGGTAGAATTCCACG,f__Pasteurellaceae.g__Pasteurella_ASV06346,Dx,Control,0.826090406,0.290099605,258,26,0.005493494,0.110175064,-1
TACGTAGGTGGCAAGCGTTGTCCGGATTTACTGGGTGTAAAGGGCGTGTAGCCGGGAAGGCAAGTCAGATGTGAAATCCACGGGCTCAACTCGTGAACTGCATTTGAAACTGTTTTTCTTGAGTATCGGAGAGGCAATCGGAATTCCTAG,f__Ruminococcaceae.g__Oscillospira_ASV13739,Dx,Control,1.366022263,0.473734061,258,79,0.004768583,0.110175064,-1
TACGTAGGGGGCAAGCGTTATCCGGATTTACTGGGTGTAAAGGGAGCGTAGACGGCGATGCAAGTCTGAAGTGAAATACCCGGGCTCAACCTGGGAACTGCTTTGGAAACTGTATGGCTAGAGTGCTGGAGAGGTAAGCGGAATTCCTAG,o__Clostridiales.f__Lachnospiraceae_ASV09564,Dx,Control,1.32374141,0.480460698,258,102,0.006825643,0.121183134,-1
TACGTAGGGGGCGAGCGTTATCCGGAATGATTGGGCGTAAAGCGCGCGCAGGCGGCCGCTCAAGCGGGACCTCTAACCCCGGGGCTCAACCCCGGGCCGGGTCCCGAACTGGGCGGCTCGAGTGCGGTAGGGGAGAGCGGAATTCCAAGT,o__Coriobacteriales.f__Coriobacteriaceae_ASV10506,Dx,Control,0.630326745,0.226257603,258,30,0.006536785,0.121183134,-1
TACGGAAGGTCCGGGCGTTATCCGGATTTATTGGGTTTAAAGGGAGCGTAGGCCGGAGATTAAGCGTGTTGTGAAATGTAGACGCTCAACGTCTGCACTGCAGCGCGAACTGGTTTCCTTGAGTACGCACAAAGTGGGCGGAATTCGTGG,g__Prevotella.s__copri_ASV03176,Dx,Control,2.67374773,0.969646718,258,198,0.006943788,0.121292305,-1
TACGTAGGGGGCAAGCGTTATCCGGAATTACTGGGTGTAAAGGGTGAGTAGGCGGCATGACAAGTAAGATGTGAAAGCCCGTGGCTTAACCACGGGATTGCATTTTAAACTGTTGAGCTAGAGTACAGGAGAGGAAAGCGGAATTCCCAG,c__Clostridia.o__Clostridiales_ASV08590,Dx,Control,0.537576157,0.199548092,258,33,0.00798617,0.123261897,-1
TACGTAGGTGGCAAGCGTTGTCCGGATTTACTGGGTGTAAAGGGCGTGTAGGCGGGAGAGCAAGTCAGAAGTGAAATCTATGGGCTTAACCCATAAACTGCTTTTGAAACTGTTCTTCTTGAGTATCGGAGAGGCAGGCGGAATTCCTAG,o__Clostridiales.f__Ruminococcaceae_ASV13865,Dx,Control,1.58620345,0.579787543,258,90,0.00731417,0.123261897,-1
TACGAAGGGTGCAAGCGTTAATCGGAATTACTGGGCGTAAAGCGCGCGTAGGTGGTTCGTTAAGTTGGATGTGAAAGCCCCGGGCTCAACCTGGGAACTGCATCCAAAACTGGCGAGCTAGAGTATGGCAGAGGGTGGTGGAATTTCCTG,g__Pseudomonas.s__stutzeri_ASV02438,Dx,Control,-0.406946317,0.153035593,258,29,0.008331401,0.124543306,1
TACGTAGGGGGCAAGCGTTATCCGGATTTACTGGGTGTAAAGGGAGCGTAGACGGTTTTGCAAGTCTGAAGTGAAAGCCCGGGGCTTAACCCCGGGACTGCTTTGGAAACTGTAGGACTAGAGTGCAGGAGAGGTAAGTGGAATTCCTAG,o__Clostridiales.f__Lachnospiraceae_ASV09981,Dx,Control,1.857058061,0.691882536,258,145,0.008394886,0.124543306,-1
TACGTATGGTGCAAGCGTTATCCGGATTTACTGGGTGTAAAGGGAGCGCAGGCGGTACGGCAAGTCTGATGTGAAATCCCGGGGCTCAACCCCGGTACTGCATTGGAAACTGTCGGACTAGAGTGTCGGAGGGGTAAGTGGAATTCCTAG,f__Lachnospiraceae.g__Roseburia_ASV15223,Dx,Control,1.406053087,0.526374334,258,97,0.008768539,0.126617705,-1
TACGTAGGGGGCAAGCGTTATCCGGATTTACTGGGTGTAAAGGGAGCGTAGACGGACTGGCAAGTCTGATGTGAAAGGCGGGGGCTCAACCCCTGGACTGCATTGGAAACTGTTAGTCTTGAGTGCCGGAGAGGTAAGCGGAATTCCTAG,g__Blautia.s__obeum_ASV09003,Dx,Control,1.335918389,0.511112233,258,176,0.010194886,0.139760275,-1
TACGGAGGATGCGAGCGTTATCCGGATTTATTGGGTTTAAAGGGTGCGTAGGTGGTGATTTAAGTCAGCGGTGAAAGTTTGTGGCTCAACCATAAAATTGCCGTTGAAACTGGGTTACTTGAGTGTGTTTGAGGTAGGCGGAATGCGTGG,f__Porphyromonadaceae.g__Parabacteroides_ASV05030,Dx,Control,-2.36201399,0.91564732,258,199,0.011398344,0.154305085,1
TACGTAGGTCCCGAGCGTTGTCCGGATTTATTGGGCGTAAAGCGAGCGCAGGCGGTTTGATAAGTCTGAAGTTAAAGGCTGTGGCTCAACCATAGTTCGCTTTGGAAACTGTCAAACTTGAGTGCAGAAGGGGAGAGTGGAATTCCATGT,f__Streptococcaceae.g__Streptococcus_ASV12303,Dx,Control,-1.290087651,0.520019874,258,223,0.014468527,0.176060836,1
AACGTAGGGTGCAAGCGTTGTCCGGAATTACTGGGTGTAAAGGGAGCGCAGGCGGACCGGCAAGTTGGAAGTGAAAACTATGGGCTCAACCCATAAATTGCTTTCAAAACTGCTGGCCTTGAGTAGTGCAGAGGTAGGTGGAATTCCCGG,g__Gemmiger.s__formicilis_ASV00103,Dx,Control,1.722098503,0.698889763,258,198,0.015265784,0.176968553,-1
TACGTATGGAGCAAGCGTTATCCGGATTTACTGGGTGTAAAGGGTGCGTAGGTGGCAGTGCAAGTCAGATGTGAAAGGCCGGGGCTCAACCCCGGAGCTGCATTTGAAACTGCATAGCTGGAGTACAGGAGAGGCAGGCGGAATTCCTAG,f__Lachnospiraceae.g__Coprococcus_ASV15006,Dx,Control,0.886183687,0.359461307,258,74,0.015352011,0.176968553,-1
TACGTATGGTGCAAGCGTTATCCGGATTTACTGGGTGTAAAGGGTGCGTAGGTGGCAAGGCAAGTCTGAAGTGAAAATCCGGGGCTCAACCCCGGAACTGCTTTGGAAACTGTTTAGCTAGAGTACAGGAGAGGTAAGTGGAATTCCTAG,g__Coprococcus.s__eutactus_ASV15431,Dx,Control,1.01500131,0.41172963,258,45,0.015262446,0.176968553,-1
TACGTAGGGGGCAAGCGTTATCCGGATTTACTGGGTGTAAAGGGAGCGTAGACGGCAAGGCAAGTCTGATGTGAAAGGCTGGGGCTCAACCCCGGGACTGCATTGGAAACTGTCCTGCTGGAGTGCCGGAGAGGTAAGCGGAATTCCTAG,o__Clostridiales.f__Lachnospiraceae_ASV09133,Dx,Control,0.466305279,0.192967829,258,26,0.017190554,0.183812669,-1
TACGTAGGTGGCAAGCGTTGTCCGGATTTACTGGGTGTAAAGGGCGTGCAGCCGGGCATGCAAGTCAGATGTGAAATCTCAGGGCTTAACCCTGAAACTGCATTTGAAACTGTATGTCTTGAGTGCCGGAGAGGTAATCGGAATTCCTTG,f__Ruminococcaceae.g__Oscillospira_ASV13645,Dx,Control,1.649133916,0.702279868,258,130,0.0208108,0.203708079,-1
TACGTAGGGGGCAAGCGTTATCCGGATTTACTGGGTGTAAAGGGAGCGTAGACGGCATGGCAAGCCAGATGTGAAAGCCCGGGGCTCAACCCCGGGACTGCATTTGGAACTGTCAGGCTAGAGTGTCGGAGAGGAAAGCGGAATTCCTAG,g__.Ruminococcus..s__gnavus_ASV09357,Dx,Control,-1.584508759,0.680736607,258,134,0.02193457,0.210222471,1
AACATAGGTCACGAGCATTATCCGGATTTATTGGGCGTAAAGGAAGCGTAGGCGGGGAGGTTGATCCATTGTTAAAAGCATTTGCTTAACAAATGTGTGCATTGGAGATCGCCTCCCTAGAGTTAATCAGGGGGTACTGGAATTCAATGT,f__Mycoplasmataceae.g__Mycoplasma_ASV00015,Dx,Control,-0.922055959,0.40178016,258,54,0.023113102,0.213808269,1
TACGTAGGGGGCAAGCGTTATCCGGATTTACTGGGTGTAAAGGGAGCGTAGACGGCAGCGCAAGTCTGAAGTGAAAGCCCGGGGCTCAACCCCGGAATGGCTTTGGAAACTGTGCAGCTAGAGTACCGGAGGGGTAAGCGGAATTCCTAG,o__Clostridiales.f__Lachnospiraceae_ASV09239,Dx,Control,0.876122106,0.379425461,258,70,0.022982487,0.213808269,-1
TACGGAGGATGCGAGCGTTATCCGGATTTATTGGGTTTAAAGGGTGCGTAGGCGGTTTATTAAGTTAGTGGTTAAATATTTGAGCTAAACTCAATTGTGCCATTAATACTGGTAAACTGGAGTACAGACGAGGTAGGCGGAATAAGTTAA,f__.Odoribacteraceae..g__Odoribacter_ASV04963,Dx,Control,1.257613682,0.548297495,258,210,0.023847437,0.217031717,-1
TACGGAGGATTCAAGCGTTATCCGGATTTATTGGGTTTAAAGGGTGCGTAGGCGGTTTGATAAGTTAGAGGTGAAATTTCGGGGCTCAACCCTGAACGTGCCTCTAATACTGTTGAGCTAGAGAGTAGTTGCGGTAGGCGGAATGTATGG,g__Alistipes.s__putredinis_ASV05127,Dx,Control,1.970002722,0.865152291,258,180,0.024870854,0.21756994,-1
TACGTAGGGGGCAAGCGTTATCCGGATTTACTGGGTGTAAAGGGAGCGTAGACGGTGAAGCAAGTCTGAAGTGAAAGGTTGGGGCTCAACCCCGAAACTGCTTTGGAAACTGTTTAACTGGAGTACAGGAGAGGTAAGTGGAATTCCTAG,o__Clostridiales.f__Lachnospiraceae_ASV09858,Dx,Control,0.995851491,0.438188846,258,42,0.025155826,0.217950074,-1
TACGGAGGATCCGAGCGTTATCCGGATTTATTGGGTTTAAAGGGAGCGTAGGTGGACATGTAAGTCAGTTGTGAAAGTTTGCGGCTCAACCGTAAAATTGCAGTTGATACTGTGTGTCTTGAGTACAGTAGAGGTGGGCGGAATTCGTGG,f__Bacteroidaceae.g__Bacteroides_ASV04107,Dx,Control,0.897671682,0.397277227,258,33,0.026241701,0.22231237,-1
TACGGAGGATCCGAGCGTTATCCGGATTTATTGGGTTTAAAGGGAGCGTAGGCGGACGCTTAAGTCAGTTGTGAAAGTTTGCGGCTCAACCGTAAAATTGCAGTTGATACTGGGTGTCTTGAGTACAGTAGAGGCAGGCGGAATTCGTGG,g__Bacteroides.s__uniformis_ASV03984,Dx,Control,-1.421842159,0.645614734,258,246,0.030188965,0.243989921,1
TACGTAGGTCCCGAGCGTTATCCGGATTTATTGGGCGTAAAGCGAGCGCAGGCGGTTAGATAAGTCTGAAGTTAAAGGCTGTGGCTTAACCATAGTACGCTTTGGAAACTGTTTAACTTGAGTGCAGAAGGGGAGAGTGGAATTCCATGT,f__Streptococcaceae.g__Streptococcus_ASV12252,Dx,Control,-1.036163031,0.475447325,258,139,0.031306034,0.249297315,1